filename,split,boxes,audit_status
aug_0001_cup_v1_002_t002100.jpg,train,1,human_checked
aug_0002_cup_v1_003_t002767.jpg,train,1,human_checked
aug_0008_cup_v1_010_t009833.jpg,train,1,human_checked
aug_0010_cup_v1_012_t011833.jpg,train,1,human_checked
aug_0011_cup_v1_013_t012767.jpg,train,1,human_checked
aug_0015_cup_v1_017_t016900.jpg,train,2,human_checked
aug_0016_cup_v1_020_t020100.jpg,train,2,human_checked
aug_0017_cup_v1_024_t024233.jpg,train,2,human_checked
aug_0018_cup_v1_025_t025300.jpg,train,2,human_checked
aug_0019_cup_v1_026_t026367.jpg,train,2,human_checked
aug_0020_cup_v1_028_t027433.jpg,train,2,human_checked
aug_0021_cup_v1_030_t030233.jpg,train,2,human_checked
aug_0022_cup_v1_031_t030767.jpg,train,2,human_checked
aug_0023_cup_v1_032_t032233.jpg,train,2,human_checked
aug_0024_cup_v2_001_t000767.jpg,train,1,human_checked
aug_0025_cup_v2_002_t002767.jpg,train,2,human_checked
aug_0026_cup_v2_003_t003700.jpg,train,2,human_checked
aug_0027_cup_v2_006_t007833.jpg,train,2,human_checked
aug_0028_cup_v2_007_t008767.jpg,train,2,human_checked
aug_0029_cup_v2_008_t010367.jpg,train,2,human_checked
aug_0030_cup_v2_009_t011433.jpg,train,2,human_checked
aug_0031_cup_v2_010_t011833.jpg,train,2,human_checked
aug_0032_cup_v2_012_t015033.jpg,train,2,human_checked
aug_0033_cup_v2_013_t015967.jpg,train,2,human_checked
aug_0034_cup_v2_015_t018233.jpg,train,2,human_checked
aug_0035_cup_v2_016_t020100.jpg,train,2,human_checked
aug_0036_cup_v2_018_t021700.jpg,train,2,human_checked
aug_0038_cup_v2_021_t025567.jpg,train,1,human_checked
aug_0039_cup_v2_023_t027833.jpg,train,1,human_checked
aug_0040_cup_v2_027_t033033.jpg,train,1,human_checked
aug_0041_cup_v2_028_t034633.jpg,train,1,human_checked
aug_0042_cup_v2_029_t035700.jpg,train,2,human_checked
aug_0043_cup_v2_030_t037567.jpg,train,1,human_checked
aug_0044_cup_v2_031_t037967.jpg,train,1,human_checked
aug_0045_cup_v2_032_t039033.jpg,train,1,human_checked
aug_0163_mouse_v1_001_t000767.jpg,train,1,human_checked
aug_0164_mouse_v1_003_t004100.jpg,train,1,human_checked
aug_0165_mouse_v1_005_t005700.jpg,train,1,human_checked
aug_0166_mouse_v1_006_t007167.jpg,train,1,human_checked
aug_0167_mouse_v1_007_t007967.jpg,train,1,human_checked
aug_0168_mouse_v1_008_t009033.jpg,train,1,human_checked
aug_0169_mouse_v1_009_t010633.jpg,train,1,human_checked
aug_0170_mouse_v1_010_t011300.jpg,train,1,human_checked
aug_0174_mouse_v1_018_t020900.jpg,train,1,human_checked
aug_0175_mouse_v1_019_t023167.jpg,train,1,human_checked
aug_0176_mouse_v1_020_t023967.jpg,train,1,human_checked
aug_0177_mouse_v1_021_t025300.jpg,train,1,human_checked
aug_0178_mouse_v1_023_t027033.jpg,train,1,human_checked
aug_0180_mouse_v1_026_t030500.jpg,train,1,human_checked
aug_0184_mouse_v1_031_t037033.jpg,train,1,human_checked
aug_0186_mouse_v2_002_t001833.jpg,train,1,human_checked
aug_0187_mouse_v2_004_t002767.jpg,train,1,human_checked
aug_0188_mouse_v2_007_t005033.jpg,train,1,human_checked
aug_0189_mouse_v2_008_t006100.jpg,train,1,human_checked
aug_0190_mouse_v2_010_t007833.jpg,train,1,human_checked
aug_0191_mouse_v2_012_t008900.jpg,train,1,human_checked
aug_0192_mouse_v2_013_t009433.jpg,train,1,human_checked
aug_0193_mouse_v2_015_t011433.jpg,train,1,human_checked
aug_0194_mouse_v2_016_t012233.jpg,train,1,human_checked
aug_0195_mouse_v2_017_t012767.jpg,train,1,human_checked
aug_0196_mouse_v2_018_t013300.jpg,train,1,human_checked
aug_0197_mouse_v2_019_t013833.jpg,train,1,human_checked
aug_0198_mouse_v2_020_t014633.jpg,train,1,human_checked
aug_0199_mouse_v2_022_t016367.jpg,train,1,human_checked
aug_0200_mouse_v2_023_t016900.jpg,train,1,human_checked
aug_0201_mouse_v2_024_t017833.jpg,train,1,human_checked
aug_0202_mouse_v2_025_t018233.jpg,train,1,human_checked
aug_0203_mouse_v2_027_t019833.jpg,train,2,human_checked
aug_0204_mouse_v2_028_t020633.jpg,train,1,human_checked
aug_0205_mouse_v2_030_t022100.jpg,train,1,human_checked
aug_0206_mouse_v2_031_t023300.jpg,train,1,human_checked
aug_0207_mouse_v2_032_t023833.jpg,train,1,human_checked
aug_0348_cup_v1_002_t002100.jpg,train,1,human_checked
aug_0349_cup_v1_003_t002767.jpg,train,1,human_checked
aug_0358_cup_v1_013_t012767.jpg,train,1,human_checked
aug_0359_cup_v1_014_t014367.jpg,train,1,human_checked
aug_0360_cup_v1_015_t015300.jpg,train,1,human_checked
aug_0362_cup_v1_017_t016900.jpg,train,2,human_checked
aug_0363_cup_v1_020_t020100.jpg,train,2,human_checked
aug_0364_cup_v1_024_t024233.jpg,train,2,human_checked
aug_0365_cup_v1_025_t025300.jpg,train,2,human_checked
aug_0366_cup_v1_026_t026367.jpg,train,2,human_checked
aug_0367_cup_v1_028_t027433.jpg,train,2,human_checked
aug_0368_cup_v1_030_t030233.jpg,train,2,human_checked
aug_0369_cup_v1_031_t030767.jpg,train,2,human_checked
aug_0370_cup_v1_032_t032233.jpg,train,2,human_checked
aug_0371_cup_v2_001_t000767.jpg,train,1,human_checked
aug_0372_cup_v2_002_t002767.jpg,train,2,human_checked
aug_0373_cup_v2_003_t003700.jpg,train,2,human_checked
aug_0374_cup_v2_006_t007833.jpg,train,2,human_checked
aug_0375_cup_v2_007_t008767.jpg,train,2,human_checked
aug_0376_cup_v2_008_t010367.jpg,train,2,human_checked
aug_0377_cup_v2_009_t011433.jpg,train,2,human_checked
aug_0378_cup_v2_010_t011833.jpg,train,2,human_checked
aug_0379_cup_v2_012_t015033.jpg,train,2,human_checked
aug_0380_cup_v2_013_t015967.jpg,train,2,human_checked
aug_0381_cup_v2_015_t018233.jpg,train,2,human_checked
aug_0382_cup_v2_016_t020100.jpg,train,2,human_checked
aug_0383_cup_v2_018_t021700.jpg,train,2,human_checked
aug_0385_cup_v2_021_t025567.jpg,train,1,human_checked
aug_0386_cup_v2_023_t027833.jpg,train,1,human_checked
aug_0387_cup_v2_027_t033033.jpg,train,1,human_checked
aug_0388_cup_v2_028_t034633.jpg,train,1,human_checked
aug_0389_cup_v2_029_t035700.jpg,train,1,human_checked
aug_0390_cup_v2_030_t037567.jpg,train,1,human_checked
aug_0391_cup_v2_031_t037967.jpg,train,1,human_checked
aug_0392_cup_v2_032_t039033.jpg,train,1,human_checked
aug_0510_mouse_v1_001_t000767.jpg,train,1,human_checked
aug_0511_mouse_v1_003_t004100.jpg,train,1,human_checked
aug_0512_mouse_v1_005_t005700.jpg,train,1,human_checked
aug_0513_mouse_v1_006_t007167.jpg,train,1,human_checked
aug_0514_mouse_v1_007_t007967.jpg,train,1,human_checked
aug_0515_mouse_v1_008_t009033.jpg,train,1,human_checked
aug_0516_mouse_v1_009_t010633.jpg,train,1,human_checked
aug_0517_mouse_v1_010_t011300.jpg,train,1,human_checked
aug_0521_mouse_v1_018_t020900.jpg,train,1,human_checked
aug_0522_mouse_v1_019_t023167.jpg,train,1,human_checked
aug_0523_mouse_v1_020_t023967.jpg,train,1,human_checked
aug_0524_mouse_v1_021_t025300.jpg,train,1,human_checked
aug_0525_mouse_v1_023_t027033.jpg,train,1,human_checked
aug_0527_mouse_v1_026_t030500.jpg,train,1,human_checked
aug_0531_mouse_v1_031_t037033.jpg,train,1,human_checked
aug_0532_mouse_v1_032_t038367.jpg,train,1,human_checked
aug_0533_mouse_v2_002_t001833.jpg,train,1,human_checked
aug_0534_mouse_v2_004_t002767.jpg,train,1,human_checked
aug_0535_mouse_v2_007_t005033.jpg,train,1,human_checked
aug_0536_mouse_v2_008_t006100.jpg,train,1,human_checked
aug_0537_mouse_v2_010_t007833.jpg,train,1,human_checked
aug_0538_mouse_v2_012_t008900.jpg,train,1,human_checked
aug_0539_mouse_v2_013_t009433.jpg,train,1,human_checked
aug_0540_mouse_v2_015_t011433.jpg,train,1,human_checked
aug_0541_mouse_v2_016_t012233.jpg,train,1,human_checked
aug_0542_mouse_v2_017_t012767.jpg,train,2,human_checked
aug_0543_mouse_v2_018_t013300.jpg,train,1,human_checked
aug_0544_mouse_v2_019_t013833.jpg,train,1,human_checked
aug_0545_mouse_v2_020_t014633.jpg,train,1,human_checked
aug_0546_mouse_v2_022_t016367.jpg,train,1,human_checked
aug_0547_mouse_v2_023_t016900.jpg,train,1,human_checked
aug_0548_mouse_v2_024_t017833.jpg,train,1,human_checked
aug_0549_mouse_v2_025_t018233.jpg,train,1,human_checked
aug_0550_mouse_v2_027_t019833.jpg,train,2,human_checked
aug_0551_mouse_v2_028_t020633.jpg,train,1,human_checked
aug_0552_mouse_v2_030_t022100.jpg,train,1,human_checked
aug_0553_mouse_v2_031_t023300.jpg,train,1,human_checked
aug_0554_mouse_v2_032_t023833.jpg,train,1,human_checked
cup_v1_002_t002100.jpg,train,1,human_checked
cup_v1_003_t002767.jpg,train,1,human_checked
cup_v1_004_t004233.jpg,train,1,human_checked
cup_v1_006_t006233.jpg,train,1,human_checked
cup_v1_007_t006633.jpg,train,1,human_checked
cup_v1_008_t008500.jpg,train,1,human_checked
cup_v1_009_t009033.jpg,train,1,human_checked
cup_v1_010_t009833.jpg,train,1,human_checked
cup_v1_011_t011167.jpg,train,1,human_checked
cup_v1_012_t011833.jpg,train,1,human_checked
cup_v1_013_t012767.jpg,train,1,human_checked
cup_v1_014_t014367.jpg,train,1,human_checked
cup_v1_015_t015300.jpg,train,2,human_checked
cup_v1_016_t015700.jpg,train,2,human_checked
cup_v1_017_t016900.jpg,train,2,human_checked
cup_v1_020_t020100.jpg,train,2,human_checked
cup_v1_024_t024233.jpg,train,2,human_checked
cup_v1_025_t025300.jpg,train,2,human_checked
cup_v1_026_t026367.jpg,train,2,human_checked
cup_v1_028_t027433.jpg,train,2,human_checked
cup_v1_030_t030233.jpg,train,2,human_checked
cup_v1_031_t030767.jpg,train,2,human_checked
cup_v1_032_t032233.jpg,train,2,human_checked
cup_v2_001_t000767.jpg,train,3,human_checked
cup_v2_002_t002767.jpg,train,3,human_checked
cup_v2_003_t003700.jpg,train,2,human_checked
cup_v2_006_t007833.jpg,train,2,human_checked
cup_v2_007_t008767.jpg,train,2,human_checked
cup_v2_008_t010367.jpg,train,2,human_checked
cup_v2_009_t011433.jpg,train,2,human_checked
cup_v2_010_t011833.jpg,train,2,human_checked
cup_v2_012_t015033.jpg,train,2,human_checked
cup_v2_013_t015967.jpg,train,2,human_checked
cup_v2_015_t018233.jpg,train,2,human_checked
cup_v2_016_t020100.jpg,train,2,human_checked
cup_v2_018_t021700.jpg,train,2,human_checked
cup_v2_020_t024233.jpg,train,1,human_checked
cup_v2_021_t025567.jpg,train,1,human_checked
cup_v2_023_t027833.jpg,train,1,human_checked
cup_v2_027_t033033.jpg,train,1,human_checked
cup_v2_028_t034633.jpg,train,2,human_checked
cup_v2_029_t035700.jpg,train,2,human_checked
cup_v2_030_t037567.jpg,train,1,human_checked
cup_v2_031_t037967.jpg,train,1,human_checked
cup_v2_032_t039033.jpg,train,1,human_checked
cup_v3_003_t004100.jpg,val,3,human_checked
cup_v3_007_t009033.jpg,val,2,human_checked
cup_v3_009_t010633.jpg,val,2,human_checked
cup_v3_010_t011967.jpg,val,2,human_checked
cup_v3_011_t013300.jpg,val,2,human_checked
cup_v3_012_t015033.jpg,val,2,human_checked
cup_v3_013_t015567.jpg,val,2,human_checked
cup_v3_014_t016900.jpg,val,2,human_checked
cup_v3_015_t019167.jpg,val,2,human_checked
cup_v3_016_t020100.jpg,val,2,human_checked
cup_v3_018_t022100.jpg,val,2,human_checked
cup_v3_020_t025433.jpg,val,2,human_checked
cup_v3_022_t027833.jpg,val,2,human_checked
cup_v3_023_t028767.jpg,val,1,human_checked
cup_v3_024_t029300.jpg,val,1,human_checked
cup_v3_025_t030633.jpg,val,2,human_checked
cup_v3_026_t031967.jpg,val,3,human_checked
cup_v3_027_t033300.jpg,val,1,human_checked
cup_v3_028_t035433.jpg,val,2,human_checked
cup_v3_029_t036367.jpg,val,3,human_checked
cup_v3_030_t037700.jpg,val,1,human_checked
cup_v3_032_t039567.jpg,val,2,human_checked
cup_video01_0000.jpg,test,2,human_checked
cup_video01_0001.jpg,test,2,human_checked
cup_video01_0002.jpg,test,1,human_checked
cup_video01_0003.jpg,test,1,human_checked
cup_video01_0004.jpg,test,2,human_checked
cup_video01_0008.jpg,test,1,human_checked
cup_video01_0009.jpg,test,1,human_checked
cup_video01_0010.jpg,test,1,human_checked
cup_video01_0011.jpg,test,1,human_checked
cup_video01_0012.jpg,test,1,human_checked
cup_video01_0013.jpg,test,1,human_checked
cup_video01_0014.jpg,test,1,human_checked
cup_video01_0021.jpg,test,3,human_checked
cup_video01_0024.jpg,test,1,human_checked
cup_video01_0025.jpg,test,1,human_checked
cup_video01_0026.jpg,test,1,human_checked
cup_video01_0027.jpg,test,1,human_checked
cup_video01_0028.jpg,test,2,human_checked
cup_video01_0029.jpg,test,3,human_checked
cup_video01_0031.jpg,test,2,human_checked
cup_video01_0032.jpg,test,1,human_checked
cup_video01_0033.jpg,test,1,human_checked
cup_video01_0036.jpg,test,1,human_checked
cup_video01_0037.jpg,test,1,human_checked
cup_video01_0038.jpg,test,1,human_checked
cup_video01_0041.jpg,test,1,human_checked
cup_video01_0043.jpg,test,2,human_checked
cup_video01_0044.jpg,test,1,human_checked
cup_video01_0045.jpg,test,1,human_checked
cup_video01_0046.jpg,test,1,human_checked
cup_video01_0047.jpg,test,1,human_checked
cup_video01_0051.jpg,test,1,human_checked
cup_video01_0052.jpg,test,1,human_checked
cup_video01_0053.jpg,test,1,human_checked
cup_video01_0054.jpg,test,1,human_checked
cup_video01_0055.jpg,test,1,human_checked
cup_video01_0056.jpg,test,1,human_checked
cup_video01_0057.jpg,test,1,human_checked
cup_video01_0058.jpg,test,1,human_checked
cup_video01_0059.jpg,test,1,human_checked
cup_video01_0060.jpg,test,1,human_checked
cup_video01_0062.jpg,test,1,human_checked
cup_video01_0063.jpg,test,1,human_checked
cup_video01_0064.jpg,test,1,human_checked
cup_video01_0065.jpg,test,1,human_checked
cup_video01_0066.jpg,test,1,human_checked
cup_video01_0067.jpg,test,1,human_checked
cup_video01_0068.jpg,test,1,human_checked
cup_video01_0069.jpg,test,1,human_checked
cup_video01_0070.jpg,test,1,human_checked
cup_video01_0071.jpg,test,1,human_checked
cup_video01_0072.jpg,test,1,human_checked
cup_video01_0073.jpg,test,1,human_checked
cup_video01_0074.jpg,test,1,human_checked
cup_video01_0075.jpg,test,2,human_checked
cup_video01_0076.jpg,test,2,human_checked
cup_video01_0077.jpg,test,2,human_checked
cup_video01_0078.jpg,test,2,human_checked
cup_video01_0081.jpg,test,2,human_checked
cup_video01_0082.jpg,test,2,human_checked
cup_video01_0083.jpg,test,2,human_checked
cup_video01_0084.jpg,test,2,human_checked
cup_video01_0085.jpg,test,2,human_checked
cup_video01_0086.jpg,test,2,human_checked
cup_video01_0087.jpg,test,2,human_checked
cup_video01_0088.jpg,test,2,human_checked
cup_video01_0089.jpg,test,2,human_checked
cup_video01_0090.jpg,test,2,human_checked
cup_video01_0091.jpg,test,2,human_checked
cup_video01_0092.jpg,test,2,human_checked
cup_video01_0093.jpg,test,2,human_checked
cup_video01_0094.jpg,test,2,human_checked
cup_video01_0095.jpg,test,2,human_checked
cup_video01_0096.jpg,test,2,human_checked
cup_video01_0097.jpg,test,2,human_checked
cup_video01_0098.jpg,test,1,human_checked
cup_video01_0100.jpg,test,2,human_checked
cup_video01_0101.jpg,test,2,human_checked
cup_video01_0102.jpg,test,1,human_checked
cup_video01_0103.jpg,test,1,human_checked
cup_video01_0104.jpg,test,1,human_checked
cup_video01_0105.jpg,test,1,human_checked
cup_video01_0106.jpg,test,2,human_checked
cup_video01_0107.jpg,test,2,human_checked
cup_video01_0108.jpg,test,2,human_checked
cup_video01_0109.jpg,test,2,human_checked
cup_video01_0111.jpg,test,1,human_checked
cup_video01_0112.jpg,test,2,human_checked
cup_video01_0113.jpg,test,2,human_checked
cup_video01_0114.jpg,test,2,human_checked
cup_video01_0115.jpg,test,2,human_checked
cup_video01_0116.jpg,test,1,human_checked
cup_video01_0117.jpg,test,1,human_checked
cup_video01_0118.jpg,test,1,human_checked
cup_video01_0119.jpg,test,2,human_checked
mouse_v1_001_t000767.jpg,train,1,human_checked
mouse_v1_003_t004100.jpg,train,1,human_checked
mouse_v1_005_t005700.jpg,train,1,human_checked
mouse_v1_006_t007167.jpg,train,1,human_checked
mouse_v1_007_t007967.jpg,train,1,human_checked
mouse_v1_008_t009033.jpg,train,1,human_checked
mouse_v1_009_t010633.jpg,train,1,human_checked
mouse_v1_010_t011300.jpg,train,1,human_checked
mouse_v1_018_t020900.jpg,train,1,human_checked
mouse_v1_019_t023167.jpg,train,1,human_checked
mouse_v1_020_t023967.jpg,train,1,human_checked
mouse_v1_021_t025300.jpg,train,1,human_checked
mouse_v1_023_t027033.jpg,train,1,human_checked
mouse_v1_024_t028367.jpg,train,1,human_checked
mouse_v1_026_t030500.jpg,train,1,human_checked
mouse_v1_031_t037033.jpg,train,1,human_checked
mouse_v1_032_t038367.jpg,train,1,human_checked
mouse_v2_002_t001833.jpg,train,1,human_checked
mouse_v2_004_t002767.jpg,train,1,human_checked
mouse_v2_007_t005033.jpg,train,1,human_checked
mouse_v2_008_t006100.jpg,train,1,human_checked
mouse_v2_010_t007833.jpg,train,1,human_checked
mouse_v2_012_t008900.jpg,train,1,human_checked
mouse_v2_013_t009433.jpg,train,1,human_checked
mouse_v2_015_t011433.jpg,train,1,human_checked
mouse_v2_016_t012233.jpg,train,1,human_checked
mouse_v2_017_t012767.jpg,train,2,human_checked
mouse_v2_018_t013300.jpg,train,1,human_checked
mouse_v2_019_t013833.jpg,train,1,human_checked
mouse_v2_020_t014633.jpg,train,1,human_checked
mouse_v2_022_t016367.jpg,train,1,human_checked
mouse_v2_023_t016900.jpg,train,1,human_checked
mouse_v2_024_t017833.jpg,train,1,human_checked
mouse_v2_025_t018233.jpg,train,1,human_checked
mouse_v2_027_t019833.jpg,train,2,human_checked
mouse_v2_028_t020633.jpg,train,1,human_checked
mouse_v2_030_t022100.jpg,train,1,human_checked
mouse_v2_031_t023300.jpg,train,1,human_checked
mouse_v2_032_t023833.jpg,train,1,human_checked
mouse_v3_001_t000633.jpg,val,1,human_checked
mouse_v3_004_t003833.jpg,val,1,human_checked
mouse_v3_006_t005567.jpg,val,1,human_checked
mouse_v3_007_t006633.jpg,val,1,human_checked
mouse_v3_008_t007167.jpg,val,1,human_checked
mouse_v3_009_t007967.jpg,val,1,human_checked
mouse_v3_011_t010500.jpg,val,1,human_checked
mouse_v3_012_t011433.jpg,val,1,human_checked
mouse_v3_013_t012100.jpg,val,1,human_checked
mouse_v3_014_t012900.jpg,val,1,human_checked
mouse_v3_015_t014100.jpg,val,1,human_checked
mouse_v3_019_t017833.jpg,val,1,human_checked
mouse_v3_025_t023300.jpg,val,1,human_checked
mouse_v3_026_t024233.jpg,val,1,human_checked
mouse_v3_027_t024633.jpg,val,1,human_checked
mouse_v3_028_t025833.jpg,val,1,human_checked
mouse_v3_029_t026367.jpg,val,1,human_checked
mouse_v3_030_t027700.jpg,val,1,human_checked
mouse_v3_031_t028500.jpg,val,1,human_checked
mouse_v3_032_t029033.jpg,val,1,human_checked
mouse_video02_0000.jpg,test,1,human_checked
mouse_video02_0001.jpg,test,1,human_checked
mouse_video02_0002.jpg,test,1,human_checked
mouse_video02_0003.jpg,test,1,human_checked
mouse_video02_0004.jpg,test,1,human_checked
mouse_video02_0005.jpg,test,1,human_checked
mouse_video02_0006.jpg,test,1,human_checked
mouse_video02_0007.jpg,test,1,human_checked
mouse_video02_0008.jpg,test,1,human_checked
mouse_video02_0009.jpg,test,1,human_checked
mouse_video02_0010.jpg,test,1,human_checked
mouse_video02_0011.jpg,test,1,human_checked
mouse_video02_0012.jpg,test,1,human_checked
mouse_video02_0013.jpg,test,1,human_checked
mouse_video02_0014.jpg,test,1,human_checked
mouse_video02_0015.jpg,test,1,human_checked
mouse_video02_0016.jpg,test,1,human_checked
mouse_video02_0017.jpg,test,1,human_checked
mouse_video02_0018.jpg,test,1,human_checked
mouse_video02_0019.jpg,test,1,human_checked
mouse_video02_0020.jpg,test,1,human_checked
mouse_video02_0021.jpg,test,1,human_checked
mouse_video02_0022.jpg,test,1,human_checked
mouse_video02_0023.jpg,test,1,human_checked
mouse_video02_0024.jpg,test,1,human_checked
mouse_video02_0025.jpg,test,1,human_checked
mouse_video02_0026.jpg,test,1,human_checked
mouse_video02_0027.jpg,test,1,human_checked
mouse_video02_0028.jpg,test,1,human_checked
mouse_video02_0029.jpg,test,1,human_checked
mouse_video02_0030.jpg,test,1,human_checked
mouse_video02_0031.jpg,test,1,human_checked
mouse_video02_0032.jpg,test,1,human_checked
mouse_video02_0033.jpg,test,1,human_checked
mouse_video02_0034.jpg,test,1,human_checked
mouse_video02_0035.jpg,test,1,human_checked
mouse_video02_0036.jpg,test,1,human_checked
mouse_video02_0037.jpg,test,1,human_checked
mouse_video02_0038.jpg,test,1,human_checked
mouse_video02_0039.jpg,test,1,human_checked
mouse_video02_0040.jpg,test,1,human_checked
mouse_video02_0041.jpg,test,1,human_checked
mouse_video02_0042.jpg,test,1,human_checked
mouse_video02_0043.jpg,test,1,human_checked
mouse_video02_0044.jpg,test,1,human_checked
mouse_video02_0045.jpg,test,1,human_checked
mouse_video02_0046.jpg,test,1,human_checked
mouse_video02_0047.jpg,test,0,human_checked_negative
mouse_video02_0048.jpg,test,0,human_checked_negative
mouse_video02_0049.jpg,test,0,human_checked_negative
mouse_video02_0050.jpg,test,0,human_checked_negative
mouse_video02_0051.jpg,test,1,human_checked
mouse_video02_0052.jpg,test,1,human_checked
mouse_video02_0053.jpg,test,1,human_checked
mouse_video02_0054.jpg,test,1,human_checked
mouse_video02_0055.jpg,test,1,human_checked
mouse_video02_0056.jpg,test,1,human_checked
mouse_video02_0057.jpg,test,1,human_checked
mouse_video02_0058.jpg,test,1,human_checked
mouse_video02_0059.jpg,test,1,human_checked
mouse_video02_0060.jpg,test,1,human_checked
mouse_video02_0061.jpg,test,1,human_checked
mouse_video02_0062.jpg,test,1,human_checked
mouse_video02_0063.jpg,test,1,human_checked
mouse_video02_0064.jpg,test,1,human_checked
mouse_video02_0065.jpg,test,1,human_checked
mouse_video02_0066.jpg,test,1,human_checked
mouse_video02_0067.jpg,test,1,human_checked
mouse_video02_0068.jpg,test,1,human_checked
mouse_video02_0069.jpg,test,1,human_checked
mouse_video02_0070.jpg,test,1,human_checked
mouse_video02_0071.jpg,test,1,human_checked
mouse_video02_0072.jpg,test,1,human_checked
mouse_video02_0073.jpg,test,1,human_checked
mouse_video02_0074.jpg,test,1,human_checked
mouse_video02_0075.jpg,test,1,human_checked
mouse_video02_0076.jpg,test,1,human_checked
mouse_video02_0077.jpg,test,1,human_checked
mouse_video02_0078.jpg,test,1,human_checked
mouse_video02_0079.jpg,test,1,human_checked
mouse_video02_0080.jpg,test,1,human_checked
mouse_video02_0081.jpg,test,1,human_checked
mouse_video02_0082.jpg,test,1,human_checked
mouse_video02_0083.jpg,test,1,human_checked
mouse_video02_0084.jpg,test,1,human_checked
mouse_video02_0085.jpg,test,1,human_checked
mouse_video02_0086.jpg,test,1,human_checked
mouse_video02_0087.jpg,test,1,human_checked
mouse_video02_0088.jpg,test,1,human_checked
mouse_video02_0089.jpg,test,1,human_checked
mouse_video02_0090.jpg,test,1,human_checked
mouse_video02_0091.jpg,test,1,human_checked
mouse_video02_0092.jpg,test,1,human_checked
mouse_video02_0093.jpg,test,1,human_checked
mouse_video02_0094.jpg,test,1,human_checked
mouse_video02_0095.jpg,test,1,human_checked
mouse_video02_0096.jpg,test,1,human_checked
mouse_video02_0097.jpg,test,1,human_checked
mouse_video02_0098.jpg,test,1,human_checked
mouse_video02_0099.jpg,test,1,human_checked
mouse_video02_0100.jpg,test,1,human_checked
mouse_video02_0101.jpg,test,1,human_checked
mouse_video02_0102.jpg,test,1,human_checked
mouse_video02_0103.jpg,test,1,human_checked
mouse_video02_0104.jpg,test,1,human_checked
mouse_video02_0105.jpg,test,1,human_checked
mouse_video02_0106.jpg,test,1,human_checked
mouse_video02_0107.jpg,test,1,human_checked
mouse_video02_0108.jpg,test,1,human_checked
mouse_video02_0109.jpg,test,1,human_checked
mouse_video02_0110.jpg,test,1,human_checked
mouse_video02_0111.jpg,test,1,human_checked
mouse_video02_0112.jpg,test,1,human_checked
mouse_video02_0113.jpg,test,1,human_checked
mouse_video02_0114.jpg,test,1,human_checked
mouse_video02_0115.jpg,test,1,human_checked
mouse_video02_0116.jpg,test,1,human_checked
mouse_video02_0117.jpg,test,1,human_checked
mouse_video02_0118.jpg,test,1,human_checked
mouse_video02_0119.jpg,test,1,human_checked
cup_v1_005_t005433.jpg,train,1,human_checked
cup_v1_018_t017833.jpg,train,2,human_checked
cup_v1_019_t018500.jpg,train,1,human_checked
cup_v1_021_t021033.jpg,train,2,human_checked
cup_v1_022_t022367.jpg,train,2,human_checked
cup_v1_023_t023033.jpg,train,2,human_checked
cup_v1_029_t028367.jpg,train,2,human_checked
cup_v2_004_t005167.jpg,train,2,human_checked
cup_v2_014_t017167.jpg,train,2,human_checked
cup_v2_017_t020367.jpg,train,2,human_checked
cup_v2_019_t023967.jpg,train,1,human_checked
cup_v2_022_t027700.jpg,train,1,human_checked
cup_v2_024_t029167.jpg,train,1,human_checked
cup_v3_004_t005033.jpg,val,2,human_checked
cup_v3_006_t007300.jpg,val,2,human_checked
cup_v3_008_t010367.jpg,val,2,human_checked
cup_v3_017_t020900.jpg,val,2,human_checked
cup_v3_021_t026633.jpg,val,2,human_checked
cup_v3_031_t039033.jpg,val,2,human_checked
mouse_v1_002_t002633.jpg,train,1,human_checked
mouse_v1_004_t004900.jpg,train,1,human_checked
mouse_v1_015_t018233.jpg,train,1,human_checked
mouse_v1_022_t026100.jpg,train,1,human_checked
mouse_v1_025_t029433.jpg,train,1,human_checked
mouse_v2_001_t000500.jpg,train,1,human_checked
mouse_v2_003_t002633.jpg,train,1,human_checked
mouse_v2_006_t004500.jpg,train,1,human_checked
mouse_v2_011_t007967.jpg,train,1,human_checked
mouse_v2_014_t010233.jpg,train,1,human_checked
mouse_v2_029_t021833.jpg,train,1,human_checked
mouse_v3_002_t002367.jpg,val,1,human_checked
mouse_v3_003_t003033.jpg,val,1,human_checked
mouse_v3_005_t004633.jpg,val,1,human_checked
mouse_v3_010_t009700.jpg,val,1,human_checked
mouse_v3_017_t015967.jpg,val,1,human_checked
mouse_v3_021_t019167.jpg,val,1,human_checked
cup_v1_001_t000633.jpg,train,2,human_checked
cup_v1_027_t027033.jpg,train,2,human_checked
cup_v2_005_t006633.jpg,train,2,human_checked
cup_v2_011_t013567.jpg,train,2,human_checked
cup_v2_026_t031833.jpg,train,1,human_checked
cup_v3_001_t001833.jpg,val,2,human_checked
cup_v3_002_t003033.jpg,val,2,human_checked
cup_v3_005_t005833.jpg,val,2,human_checked
cup_v3_019_t024233.jpg,val,2,human_checked
mouse_v1_030_t035300.jpg,train,1,human_checked
mouse_v2_005_t003967.jpg,train,1,human_checked
mouse_v2_009_t007033.jpg,train,1,human_checked
mouse_v2_021_t015967.jpg,train,1,human_checked
mouse_v2_026_t019300.jpg,train,1,human_checked
mouse_v3_016_t014900.jpg,val,1,human_checked
mouse_v3_018_t016500.jpg,val,1,human_checked
mouse_v3_020_t017967.jpg,val,1,human_checked
cup_video01_0005.jpg,test,2,human_checked
cup_video01_0006.jpg,test,2,human_checked
cup_video01_0007.jpg,test,1,human_checked
cup_video01_0015.jpg,test,1,human_checked
cup_video01_0016.jpg,test,1,human_checked
cup_video01_0017.jpg,test,1,human_checked
cup_video01_0018.jpg,test,1,human_checked
cup_video01_0019.jpg,test,1,human_checked
cup_video01_0020.jpg,test,1,human_checked
cup_video01_0022.jpg,test,2,human_checked
cup_video01_0023.jpg,test,1,human_checked
cup_video01_0030.jpg,test,3,human_checked
cup_video01_0034.jpg,test,0,human_checked_negative
cup_video01_0035.jpg,test,0,human_checked_negative
cup_video01_0039.jpg,test,2,human_checked
cup_video01_0040.jpg,test,2,human_checked
cup_video01_0042.jpg,test,3,human_checked
cup_video01_0048.jpg,test,1,human_checked
cup_video01_0049.jpg,test,1,human_checked
cup_video01_0050.jpg,test,1,human_checked
cup_video01_0061.jpg,test,1,human_checked
cup_video01_0079.jpg,test,2,human_checked
cup_video01_0080.jpg,test,2,human_checked
cup_video01_0099.jpg,test,3,human_checked
cup_video01_0110.jpg,test,2,human_checked
neg_monitor_back.jpg,train,0,human_checked_negative
neg_monitor_keyboard.jpg,train,0,human_checked_negative
neg_laptop.jpg,train,1,human_checked
neg_lab_mouse.jpg,train,1,human_checked
neg_new_monitor_screen.jpg,train,1,human_checked
hard_robot_mouse.jpg,train,0,human_checked_negative
hard_monitor_mouse_cup.jpg,train,1,human_checked
hard_monitor_pink_mouse.jpg,train,1,human_checked
hard_keyboard_mouse.jpg,train,1,human_checked
hard_foam_mouse.jpg,train,1,human_checked
hard_foam_object_review.jpg,train,0,human_checked_negative
new_mouse_angle_01.jpg,train,1,human_checked
new_mouse_angle_02.jpg,train,1,human_checked
new_mouse_angle_03.jpg,train,1,human_checked
new_mouse_angle_04.jpg,train,1,human_checked
new_mouse_angle_05.jpg,train,1,human_checked
new_mouse_angle_07.jpg,train,1,human_checked
hard_negative_lab_01.jpg,train,0,human_checked_negative
hard_negative_lab_02.jpg,train,0,human_checked_negative
hard_negative_lab_03.jpg,train,0,human_checked_negative
hard_negative_lab_04.jpg,train,0,human_checked_negative
hard_negative_lab_05.jpg,train,0,human_checked_negative
hard_negative_lab_06.jpg,train,0,human_checked_negative
hard_negative_lab_07.jpg,train,0,human_checked_negative
hard_negative_lab_08.jpg,train,0,human_checked_negative
hard_negative_lab_09.jpg,train,0,human_checked_negative
hard_negative_lab_10.jpg,train,0,human_checked_negative
hard_negative_lab_11.jpg,train,0,human_checked_negative
hard_negative_lab_12.jpg,train,0,human_checked_negative
hard_negative_lab_13.jpg,train,0,human_checked_negative
hard_negative_lab_14.jpg,train,0,human_checked_negative
hard_negative_lab_15.jpg,train,0,human_checked_negative
hard_negative_lab_16.jpg,train,0,human_checked_negative
hard_negative_lab_17.jpg,train,0,human_checked_negative
hard_negative_lab_18.jpg,train,0,human_checked_negative
hard_negative_lab_19.jpg,train,0,human_checked_negative
hard_negative_lab_20.jpg,train,0,human_checked_negative
camera_v9_001_t002050.jpg,train,0,human_checked_negative
camera_v9_002_t003250.jpg,train,1,human_checked
camera_v9_003_t003950.jpg,train,1,human_checked
camera_v9_004_t006050.jpg,train,1,human_checked
camera_v9_005_t008550.jpg,train,1,human_checked
camera_v9_006_t009250.jpg,train,1,human_checked
camera_v9_007_t011550.jpg,train,2,human_checked
camera_v9_008_t012750.jpg,train,2,human_checked
camera_v9_009_t013850.jpg,train,2,human_checked
camera_v9_010_t016450.jpg,train,2,human_checked
camera_v9_011_t016550.jpg,train,2,human_checked
camera_v9_012_t018850.jpg,train,3,human_checked
camera_v9_013_t020450.jpg,train,1,human_checked
camera_v9_014_t022450.jpg,train,2,human_checked
camera_v9_015_t023950.jpg,train,2,human_checked
camera_v9_016_t025650.jpg,train,2,human_checked
camera_v9_017_t027250.jpg,train,2,human_checked
camera_v9_018_t028850.jpg,train,3,human_checked
camera_v9_019_t029550.jpg,train,3,human_checked
camera_v9_020_t031650.jpg,train,2,human_checked
camera_v9_021_t032450.jpg,train,1,human_checked
camera_v9_022_t035550.jpg,train,3,human_checked
camera_v9_023_t036550.jpg,train,3,human_checked
camera_v9_024_t038750.jpg,train,2,human_checked
camera_v9_025_t040350.jpg,train,2,human_checked
camera_v9_026_t041950.jpg,train,2,human_checked
camera_v9_027_t042850.jpg,train,2,human_checked
camera_v9_028_t045150.jpg,train,2,human_checked
camera_v9_029_t045850.jpg,train,2,human_checked
camera_v9_030_t048150.jpg,train,3,human_checked
camera_v9_031_t049150.jpg,train,3,human_checked
camera_v9_032_t049950.jpg,train,3,human_checked
camera_v9_033_t051950.jpg,train,3,human_checked
camera_v9_034_t053750.jpg,train,1,human_checked
camera_v9_035_t055950.jpg,train,1,human_checked
camera_v9_036_t057650.jpg,train,1,human_checked
camera_v10_001_t002450.jpg,train,1,human_checked
camera_v10_002_t004250.jpg,train,2,human_checked
camera_v10_003_t007350.jpg,train,2,human_checked
camera_v10_004_t010050.jpg,train,2,human_checked
camera_v10_005_t011750.jpg,train,2,human_checked
camera_v10_006_t014750.jpg,train,2,human_checked
camera_v10_007_t015850.jpg,train,2,human_checked
camera_v10_008_t018550.jpg,train,3,human_checked
camera_v10_009_t022050.jpg,train,2,human_checked
camera_v10_010_t024950.jpg,train,1,human_checked
camera_v10_011_t025350.jpg,train,1,human_checked
camera_v10_012_t029750.jpg,train,2,human_checked
camera_v10_013_t030050.jpg,train,0,human_checked_negative
camera_v10_014_t034650.jpg,train,2,human_checked
camera_v10_015_t035450.jpg,train,2,human_checked
camera_v10_016_t039650.jpg,train,2,human_checked
camera_v10_017_t042050.jpg,train,2,human_checked
camera_v10_018_t044550.jpg,train,2,human_checked
camera_v10_019_t045250.jpg,train,2,human_checked
camera_v10_020_t048750.jpg,train,2,human_checked
camera_v10_021_t051450.jpg,train,2,human_checked
camera_v10_022_t054150.jpg,train,2,human_checked
camera_v10_023_t055050.jpg,train,2,human_checked
camera_v10_024_t059150.jpg,train,2,human_checked
camera_v10_025_t061050.jpg,train,2,human_checked
camera_v10_026_t063850.jpg,train,1,human_checked
camera_v10_027_t066150.jpg,train,1,human_checked
camera_v10_028_t067550.jpg,train,1,human_checked
camera_v10_029_t070650.jpg,train,1,human_checked
camera_v10_030_t073250.jpg,train,1,human_checked
camera_v10_031_t075350.jpg,train,1,human_checked
camera_v10_032_t078750.jpg,train,1,human_checked
camera_v10_033_t080150.jpg,train,2,human_checked
camera_v10_034_t081550.jpg,train,2,human_checked
camera_v10_035_t084950.jpg,train,2,human_checked
camera_v10_036_t088750.jpg,train,1,human_checked
camera_v10_037_t089650.jpg,train,1,human_checked
camera_v10_038_t091950.jpg,train,1,human_checked
camera_v10_039_t095050.jpg,train,1,human_checked
camera_v10_040_t096750.jpg,train,1,human_checked
camera_v10_041_t099850.jpg,train,1,human_checked
camera_v10_042_t103050.jpg,train,2,human_checked
camera_v10_043_t104450.jpg,train,2,human_checked
camera_v10_044_t106450.jpg,train,2,human_checked
camera_v10_045_t110250.jpg,train,1,human_checked
camera_v10_046_t112850.jpg,train,0,human_checked_negative
camera_v10_047_t115750.jpg,train,0,human_checked_negative
camera_v10_048_t117750.jpg,train,1,human_checked
camera_v10_049_t118350.jpg,train,1,human_checked
camera_v10_050_t121450.jpg,train,0,human_checked_negative
camera_v10_051_t124750.jpg,train,1,human_checked
camera_v10_052_t125650.jpg,train,1,human_checked
camera_v10_053_t129050.jpg,train,1,human_checked
camera_v10_054_t130650.jpg,train,1,human_checked
v10_error_missed_cup_mouse_t090000.jpg,train,2,human_checked
v10_error_false_mouse_background_t092000.jpg,train,0,human_checked_negative
camera_v12_mouse_01_f000201.jpg,train,2,human_checked
camera_v12_mouse_02_f000363.jpg,train,2,human_checked
camera_v12_mouse_03_f000444.jpg,train,2,human_checked
camera_v12_mouse_04_f000565.jpg,train,2,human_checked
camera_v12_mouse_05_f001494.jpg,train,2,human_checked
camera_v12_mouse_06_f001534.jpg,train,2,human_checked
camera_v12_mouse_07_f001898.jpg,train,3,human_checked
camera_v12_mouse_08_f001938.jpg,train,2,human_checked
camera_v12_mouse_09_f002019.jpg,train,2,human_checked
camera_v12_mouse_10_f002059.jpg,train,3,human_checked
camera_v12_phone_negative_01_f000646.jpg,train,0,human_checked_negative
camera_v12_phone_negative_02_f000767.jpg,train,0,human_checked_negative
camera_v12_phone_negative_03_f001009.jpg,train,0,human_checked_negative
camera_v12_phone_negative_04_f001050.jpg,train,0,human_checked_negative
camera_v12_phone_negative_05_f001171.jpg,train,0,human_checked_negative
camera_v12_phone_negative_06_f001211.jpg,train,0,human_checked_negative
camera_v12_phone_negative_07_f001332.jpg,train,0,human_checked_negative
camera_v12_phone_negative_08_f001575.jpg,train,0,human_checked_negative
camera_v12_phone_negative_09_f001615.jpg,train,0,human_checked_negative
camera_v12_phone_negative_10_f001655.jpg,train,0,human_checked_negative
